{
  "long": {
    "NET": -0.003939650487561352,
    "SEDG": -0.02408177596367904,
    "U": 0.00033574416462539254,
    "EDU": 0.00033928396934783606,
    "SOFI": -0.005389268588464833,
    "JD": -0.004975865703751837,
    "PLTR": 0.023028771144325763,
    "SMCI": 0.05177780601789669,
    "DKNG": 0.018082094342305826,
    "F": -0.0007060484819957626,
    "TPR": 0.0016498309254989216,
    "BROS": -0.0013594782920465704,
    "ROST": 0.00100040230514167,
    "BILL": -0.010714164347642883,
    "COIN": 0.054368075071082385,
    "PANW": -0.008761124331281409,
    "RIVN": -0.006863944038907397,
    "MTCH": -0.0024311253298903487,
    "KGC": -0.0029104496998246295,
    "WBD": -0.0033731063976930385,
    "UWMC": -0.0027784209307710143,
    "CELH": 0.020028000799948195,
    "ROKU": -0.005423180503137951,
    "BURL": 0.005902987963397827,
    "DKS": -0.001144640690620426,
    "TOL": 0.0006070127829750829,
    "ULTA": -0.00496807368314418,
    "COTY": -0.0030294010423728523,
    "NVDA": 0.005362125820002011,
    "PDD": 0.023578396012498753,
    "GME": -0.02243881529302757,
    "BEKE": -0.009263875936789002,
    "ZS": 0.000782650672969328,
    "AR": -0.0012248733178965745,
    "MDB": -0.004920864344613088,
    "SPLK": 0.008482120426187503,
    "WDAY": 0.007932929322966312,
    "GTLB": 0.005598158045111587,
    "IQ": 0.0004637258317629258,
    "NU": -0.002685932961255851,
    "CROX": 0.007461708567685816,
    "MDT": -0.001866041791209741,
    "LULU": 0.007495549977575637,
    "CRM": 0.014791062623162054,
    "PATH": 0.01855466405431712,
    "CRWD": 0.010741750611400435,
    "AVGO": 0.0011571861258414717,
    "OKTA": 0.0243506134041662,
    "FIVE": -0.0022509848058525545,
    "PARA": -0.002605197203535151,
    "LI": -0.031228632446637546,
    "FUTU": 6.95887283709627e-6,
    "LCID": -0.009239293201557353,
    "TWLO": 4.367384373498877e-5,
    "DOCU": -0.004508536548536319,
    "FSLR": 0.004552642694816717,
    "XPEV": -0.02816686174918617,
    "BBWI": -0.0020595394120951115,
    "CCL": -0.006916947511357004,
    "NOK": -0.00367677435346608,
    "KR": 0.000994221089914871,
    "PSNY": -8.549200649739826e-5,
    "PINS": 0.006691885857607408,
    "ADBE": -0.00986292611353962,
    "ORCL": -0.009206867722253933,
    "LEN": 0.0012827426957275983,
    "HSBC": 0.0033243722261091383,
    "ENPH": 0.01372755753962025,
    "CZR": -0.0036152847531948436,
    "FDX": 0.0014520913429669814,
    "TSLA": -0.012743217138115916,
    "CSX": 0.0005971167789814857,
    "DDOG": 0.00904611104609125,
    "FITB": 0.003252317926876683,
    "RCL": 0.0020589183876661165,
    "DASH": 0.00943273058343838,
    "SE": -0.0027979635538208807,
    "HOOD": 0.020411071287114575,
    "JNPR": -0.00025062656641604113,
    "SHOP": 0.00751346515307712,
    "KMX": -0.0038677276284894294,
    "S": 0.01932212228791027,
    "CCJ": 0.0024976415477748672,
    "DELL": 0.012451795693586102,
    "RRC": 0.001526571049734562,
    "VALE": -0.0013504556585366358,
    "ALLY": -0.0036985078374843104,
    "CLF": 0.004359872237981855,
    "SIRI": 0.005310241328437103,
    "DPZ": 0.0007319358238669633,
    "APA": 0.004636491468095614,
    "EQT": -0.0010690255098832415,
    "TEVA": 0.0005153363966557431,
    "ISRG": -0.001713469843749756,
    "SRPT": -0.0031531710355496467,
    "LVS": 0.001809209791689326,
    "MPW": -0.004161793573603988,
    "NOW": 0.0009635348154453792,
    "GE": 0.00011569313039901104,
    "CMG": 0.004392431908421059,
    "ALGN": -0.013295471387956937,
    "URI": 0.001784413410444744,
    "AMZN": 0.004558327618083993,
    "TEAM": -0.005472674479963109,
    "EXPE": 0.0025010883071844596,
    "ANET": 0.004920117286361402,
    "SQ": 0.0019228129149466814,
    "AMD": 0.0031912934961185854,
    "PYPL": 0.0020437924025681234,
    "QCOM": 0.0023881741297548027,
    "ETSY": 0.0018611911623438995,
    "MELI": 0.0029185451660521554,
    "ON": -0.0009150993877544396,
    "ABNB": 0.004787564144075739,
    "BILI": -0.00218566431818269,
    "TTD": -0.006915228174668385,
    "UBER": 0.005632633246938509,
    "MGM": -0.003802068692348922,
    "EBAY": -0.0007736466789254135,
    "LII": -0.001451776538552835,
    "CHWY": 0.0024662605296463494,
    "ALB": 0.004044980493946127,
    "RBLX": -0.0006033789219629988,
    "NCLH": 0.011981022674358924,
    "ILMN": -0.005170916772998423,
    "VRTX": 0.000549233838928767,
    "SNAP": 0.014282040060288782,
    "ZM": 0.0003197130380536467,
    "ADSK": -0.0032002024570929057,
    "BBY": 0.000945470536499565,
    "YPF": 0.0035401189368432953,
    "MRNA": 0.0011410845410225697,
    "INTU": 0.0009085751768397538,
    "SNOW": 0.004326361299369012,
    "TSCO": 0.0029971239719461112,
    "CMA": 0.0018360995850622366,
    "NIO": -0.010797596117954843,
    "NTAP": 0.009217731941739898,
    "CNC": 0.0003050020333468909,
    "X": 0.014727014304345169,
    "NOC": -0.001595800524934382,
    "COF": 2.3133867982727587e-5,
    "MT": 0.0028218369605311714,
    "M": 0.0007102993404363206,
    "TOST": 0.003952039961619816,
    "PBR": 0.0017845961177207215,
    "WYNN": -0.0008473876798635409,
    "AAL": 0.004154578915638082,
    "SWN": -0.002644054707181485,
    "APLS": -0.0016913249043781996,
    "ELF": 0.0011184078631830319,
    "CYTK": 0.0006792181845034185,
    "NFLX": 0.009532424082257613,
    "AFRM": -0.007552593819667462,
    "LUV": 0.0001754970955230716,
    "MSTR": 0.028667567007984146,
    "STX": 0.0030930757002550838,
    "W": 0.00501459146144766,
    "CLX": 0.003669540302108731,
    "STNE": 0.0008763004000561311,
    "SBUX": 9.30642633228829e-5,
    "CAVA": 0.006950006896026777,
    "COHR": 0.013106031549301464,
    "OZK": 0.0005232640878184566,
    "DXCM": 0.00509158482862689,
    "SPOT": 0.003917061048359653,
    "XP": -0.00016032064128256173,
    "GDDY": -0.0013018065887353868,
    "ZI": 0.006172890166751313,
    "GNRC": -0.0037940272634150165,
    "REGN": -0.0002816177550292633,
    "VRT": -0.001004630993924589,
    "CART": 0.004217064400130765,
    "HPQ": 0.00023915271609156228,
    "ARM": -0.005042945306618987,
    "TGT": 0.004424900876700737,
    "MRVL": -0.0013437149115541063,
    "CAH": -0.0018854116275319724,
    "IOT": -0.004134442336689526,
    "DLTR": -0.006596675584573629
  },
  "short": {
    "ILMN": 0.005427699438923247,
    "NU": -0.00047082353840154556,
    "PDD": -0.008523545650909492,
    "S": -0.002507385278997725,
    "XPEV": -0.017262951146352696,
    "BILI": 0.009070638492333237,
    "PXD": -0.0018263313811257107,
    "AMAT": -0.0013136998658859872,
    "FITB": 0.0037697698726845887,
    "MPW": 0.03097028119210425,
    "NIO": 0.023596828988836745,
    "NOK": -0.006262898228592217,
    "PLUG": 0.05007421525796218,
    "SE": 0.011494917938197312,
    "SIRI": -0.0038599474221353773,
    "TGT": -0.009104570676502464,
    "TOST": 0.004562422231439235,
    "PARA": -0.009578663626364772,
    "RBLX": -0.009959045620869494,
    "GTLB": -0.00042236589882712304,
    "LCID": 0.01977684092619527,
    "SNOW": 0.0077770374298626955,
    "RIVN": 0.011779930139948451,
    "DLTR": 0.002443381901837971,
    "BBWI": 0.004551177360032273,
    "MRVL": 0.006110533263251762,
    "BIDU": -0.006929859883108197,
    "M": -0.012012642223441667,
    "PATH": 0.0024266804081224543,
    "ZM": -0.00688953913817254,
    "PBR": -0.003685618104353647,
    "AAP": 0.002508380673900687,
    "WSM": -0.011387354492538544,
    "NTAP": -0.007902767723782565,
    "KEY": 0.008437723311577649,
    "CMA": -0.002043625801136812,
    "BEKE": -0.0138999733971801,
    "ASO": -0.007621298533382999,
    "DG": 0.011987928542834647,
    "SNAP": 0.021962508260783116,
    "BROS": 0.006084790428998803,
    "HPQ": 0.00014287889397672602,
    "PLTR": 0.0015170319066652284,
    "SOFI": -0.005931581148923955,
    "TFC": -0.0017666480651832455,
    "CHWY": -0.006345579399896897,
    "BBY": -0.0017037226339551884,
    "AGNC": -0.0019468140617664702,
    "DELL": -0.010149016019857505,
    "WBD": 0.018597143100907626,
    "TSLA": 0.00574819123038231,
    "COIN": -0.0022930593250851967,
    "AAL": 0.00557103929587206,